,title,company,location,date,summary
0,Software Development Engineer Intern - Summer 2022 (Canada),Amazon Dev Centre Canada ULC,"Vancouver, BC",30+ days ago,Our interns write real software and collaborate with a select group of experienced software development engineers (SDEs) who guide interns on projects that…
1,newSoftware Release and Test Engineer (COOP),Ecoation,"Vancouver, BC",6 days ago,"Understanding of software development best practices.Coordinate test activities across teams.Review QA documentation, including processes, test cases, test…"
2,Spring 2022 - Software Developer Intern,Konrad,"Remote in Vancouver, BC",30+ days ago,Participate in code review and performing extensive testing to ensure high quality software.As a Software Developer Intern you'll be paired up with a mentor…
3,newSoftware Engineer Co-op/Intern [Sept 2022],A Thinking Ape,"Remote in Vancouver, BC",4 days ago,"Two 30-minute technical interviews over Zoom, back to back with our engineers - expect to write code!You are a tech generalist, a full stack engineer with the…"
4,"Software Development Engineer, Co-op",Change Healthcare,"Richmond, BC",17 days ago,Knowledge of software engineering concepts.3rd or 4th year of Bachelor degree with courses in C++/C# and software development.
5,Software Engineer Intern,Zscaler,"Burnaby, BC",30+ days ago,Learn how to write professional beautiful code and building prototypes.Work in an iterative and agile environment.Programming skills preferably in C++.
6,Software Developer (C/C++) Intern,Fortinet,"Burnaby, BC",10 days ago,"Experience with Go and software development methodology.Experience with C/C++ and software development methodology.Experience with Docker, Golang is a plus."
7,Software Development Engineer (Co-op 2022),Qumulo Careers,"Vancouver, BC",30+ days ago,"Qumulo is the leading file data platform, providing unrivaled freedom, control, and real-time visibility for file data at petabyte scale."
8,Software Dev Engineer I,Amazon Dev Centre Canada ULC,"Vancouver, BC",30+ days ago,Bachelor's degree in computer science related fields OR 1+ years equivalent experience in software development.
9,Software Development Co-op,MOZ Group,"Remote in Vancouver, BC",30+ days ago,"Work with languages like Ruby and Python to solve problems in large-scale data collection, aggregation, and storage with a focus on performance and readability."
10,newSoftware Developer Summer Internship,Firefly Software,"Vancouver, BC",4 days ago,We have strengthened our mental health support offerings to meet the needs of everyone and their families.We continue to build on our already strong culture…
11,newJunior Software Developer (Co-op/Contract) - AI Project,Binary Stream,"Burnaby, BC",3 days ago,"Working knowledge of ERP(Enterprise Resource Planning) software is an asset.Binary Stream is an award-winning, Microsoft Gold certified partner that develops…"
12,Software Developer (ERP Team) Co-op,FISPAN,"Remote in Vancouver, BC",30+ days ago,FISPAN is looking for a software developer co-op to work closely with the Software Development team and Lead Architect.
13,"Software Developer Intern, Data",Unity Technologies,"Vancouver, BC",30+ days ago,"Proven foundation in data structures, algorithms, software design & testing.Unity's platform provides a comprehensive set of software solutions to create, run…"
14,Software Developer Co-op,Change Healthcare,"Richmond, BC",30+ days ago,Knowledge of software engineering concepts.3rd or 4th year of Bachelor degree with courses in C++/C# and software development.
15,IT Intern - Data Warehouse Developer,Seaspan Ship Management Ltd.,"Vancouver, BC",30 days ago,"This intern position is ideal for a person with a passion for Data Warehousing, SQL query writing and Business Intelligence."
16,newSAP iXp Intern - Analytics Developer - Enterprise Analytics,SAP,"Vancouver, BC",1 day ago,2+ years of full-time experience working as a developer in software industry.Develop dashboards or analytical reporting based on SAP’s state of the art…
17,SAP iXp Intern - Security Engineer - Analytics Cloud,SAP,"Vancouver, BC",25 days ago,"Knowledge in software security (authentication mechanisms, cryptography, security breaches…).The SAP Internship Experience Project is SAP’s global, paid…"
18,Cloud Developer Co-op,Change Healthcare,"Richmond, BC",18 days ago,"Develops, documents, debugs and maintains software in accordance with requirements and design.Responsible for implementation of enhancements or fixes to…"
19,Software Development Engineer in Test (SDET) Co-op,Global Relay,"Hybrid remote in Vancouver, BC",30+ days ago,"Identify, report and verify software defects.The Software Development Engineer in Test (SDET) co-op is a developer who specializes in writing code to test the…"
20,"Web Designer & Developer, HR Systems Co-op",Interfor Corporation,"Remote in Burnaby, BC",11 days ago,"The Web Designer & Developer, HR Systems will support the Talent Team with recommending, designing, and developing UX designs for our HR Systems and the…"
21,newJunior Software Developer (Co-op/Contract)- DevOps Project,Binary Stream,"Burnaby, BC",3 days ago,"Working knowledge of ERP(Enterprise Resource Planning) software is an asset.Binary Stream is an award-winning, Microsoft Gold certified partner that develops…"
22,Software Developer (Front End) Co-op,FISPAN,"Remote in Vancouver, BC",30+ days ago,Our product aims to provide instant scale and reach for banks who want to remove friction and add value by enabling their commercial banking clients to access…
23,Software Dev Engineer I,Amazon Dev Centre Canada ULC,"Vancouver, BC",30+ days ago,Bachelor's degree in computer science related fields OR 1+ years equivalent experience in software development.
24,Software Development Co-op,MOZ Group,"Remote in Vancouver, BC",30+ days ago,"Work with languages like Ruby and Python to solve problems in large-scale data collection, aggregation, and storage with a focus on performance and readability."
25,newSoftware Developer Summer Internship,Firefly Software,"Vancouver, BC",4 days ago,We have strengthened our mental health support offerings to meet the needs of everyone and their families.We continue to build on our already strong culture…
26,newJunior Software Developer (Co-op/Contract) - AI Project,Binary Stream,"Burnaby, BC",3 days ago,"Working knowledge of ERP(Enterprise Resource Planning) software is an asset.Binary Stream is an award-winning, Microsoft Gold certified partner that develops…"
27,Software Developer (ERP Team) Co-op,FISPAN,"Remote in Vancouver, BC",30+ days ago,FISPAN is looking for a software developer co-op to work closely with the Software Development team and Lead Architect.
28,"Software Developer Intern, Data",Unity Technologies,"Vancouver, BC",30+ days ago,"Proven foundation in data structures, algorithms, software design & testing.Unity's platform provides a comprehensive set of software solutions to create, run…"
29,Software Developer Co-op,Change Healthcare,"Richmond, BC",30+ days ago,Knowledge of software engineering concepts.3rd or 4th year of Bachelor degree with courses in C++/C# and software development.
30,IT Intern - Data Warehouse Developer,Seaspan Ship Management Ltd.,"Vancouver, BC",30 days ago,"This intern position is ideal for a person with a passion for Data Warehousing, SQL query writing and Business Intelligence."
31,newSAP iXp Intern - Analytics Developer - Enterprise Analytics,SAP,"Vancouver, BC",1 day ago,2+ years of full-time experience working as a developer in software industry.Develop dashboards or analytical reporting based on SAP’s state of the art…
32,SAP iXp Intern - Security Engineer - Analytics Cloud,SAP,"Vancouver, BC",25 days ago,"Knowledge in software security (authentication mechanisms, cryptography, security breaches…).The SAP Internship Experience Project is SAP’s global, paid…"
33,Cloud Developer Co-op,Change Healthcare,"Richmond, BC",18 days ago,"Develops, documents, debugs and maintains software in accordance with requirements and design.Responsible for implementation of enhancements or fixes to…"
34,Software Development Engineer in Test (SDET) Co-op,Global Relay,"Hybrid remote in Vancouver, BC",30+ days ago,"Identify, report and verify software defects.The Software Development Engineer in Test (SDET) co-op is a developer who specializes in writing code to test the…"
35,"Web Designer & Developer, HR Systems Co-op",Interfor Corporation,"Remote in Burnaby, BC",11 days ago,"The Web Designer & Developer, HR Systems will support the Talent Team with recommending, designing, and developing UX designs for our HR Systems and the…"
36,newJunior Software Developer (Co-op/Contract)- DevOps Project,Binary Stream,"Burnaby, BC",3 days ago,"Working knowledge of ERP(Enterprise Resource Planning) software is an asset.Binary Stream is an award-winning, Microsoft Gold certified partner that develops…"
37,Software Developer (Front End) Co-op,FISPAN,"Remote in Vancouver, BC",30+ days ago,Our product aims to provide instant scale and reach for banks who want to remove friction and add value by enabling their commercial banking clients to access…
38,Software Dev Engineer I,Amazon Dev Centre Canada ULC,"Vancouver, BC",30+ days ago,Bachelor's degree in computer science related fields OR 1+ years equivalent experience in software development.
39,Software Development Co-op,MOZ Group,"Remote in Vancouver, BC",30+ days ago,"Work with languages like Ruby and Python to solve problems in large-scale data collection, aggregation, and storage with a focus on performance and readability."
40,newSoftware Developer Summer Internship,Firefly Software,"Vancouver, BC",4 days ago,We have strengthened our mental health support offerings to meet the needs of everyone and their families.We continue to build on our already strong culture…
41,newJunior Software Developer (Co-op/Contract) - AI Project,Binary Stream,"Burnaby, BC",3 days ago,"Working knowledge of ERP(Enterprise Resource Planning) software is an asset.Binary Stream is an award-winning, Microsoft Gold certified partner that develops…"
42,Software Developer (ERP Team) Co-op,FISPAN,"Remote in Vancouver, BC",30+ days ago,FISPAN is looking for a software developer co-op to work closely with the Software Development team and Lead Architect.
43,"Software Developer Intern, Data",Unity Technologies,"Vancouver, BC",30+ days ago,"Proven foundation in data structures, algorithms, software design & testing.Unity's platform provides a comprehensive set of software solutions to create, run…"
44,Software Developer Co-op,Change Healthcare,"Richmond, BC",30+ days ago,Knowledge of software engineering concepts.3rd or 4th year of Bachelor degree with courses in C++/C# and software development.
45,IT Intern - Data Warehouse Developer,Seaspan Ship Management Ltd.,"Vancouver, BC",30 days ago,"This intern position is ideal for a person with a passion for Data Warehousing, SQL query writing and Business Intelligence."
46,newSAP iXp Intern - Analytics Developer - Enterprise Analytics,SAP,"Vancouver, BC",1 day ago,2+ years of full-time experience working as a developer in software industry.Develop dashboards or analytical reporting based on SAP’s state of the art…
47,SAP iXp Intern - Security Engineer - Analytics Cloud,SAP,"Vancouver, BC",25 days ago,"Knowledge in software security (authentication mechanisms, cryptography, security breaches…).The SAP Internship Experience Project is SAP’s global, paid…"
48,Cloud Developer Co-op,Change Healthcare,"Richmond, BC",18 days ago,"Develops, documents, debugs and maintains software in accordance with requirements and design.Responsible for implementation of enhancements or fixes to…"
49,Software Development Engineer in Test (SDET) Co-op,Global Relay,"Hybrid remote in Vancouver, BC",30+ days ago,"Identify, report and verify software defects.The Software Development Engineer in Test (SDET) co-op is a developer who specializes in writing code to test the…"
50,"Web Designer & Developer, HR Systems Co-op",Interfor Corporation,"Remote in Burnaby, BC",11 days ago,"The Web Designer & Developer, HR Systems will support the Talent Team with recommending, designing, and developing UX designs for our HR Systems and the…"
51,newJunior Software Developer (Co-op/Contract)- DevOps Project,Binary Stream,"Burnaby, BC",3 days ago,"Working knowledge of ERP(Enterprise Resource Planning) software is an asset.Binary Stream is an award-winning, Microsoft Gold certified partner that develops…"
52,Software Developer (Front End) Co-op,FISPAN,"Remote in Vancouver, BC",30+ days ago,Our product aims to provide instant scale and reach for banks who want to remove friction and add value by enabling their commercial banking clients to access…
